{"cameraMode":{"drawMode":0,"name":"Shaded","section":"Shading Mode"},"sceneLighting":true,"audioPlay":false,"sceneViewState":{"showFog":true,"showMaterialUpdate":false,"showSkybox":true,"showFlares":true,"showImageEffects":true,"showParticleSystems":true,"showVisualEffectGraphs":true,"m_FxEnabled":true},"in2DMode":false,"pivot":{"x":-1.9167320728302003,"y":0.26500606536865237,"z":0.4849357604980469},"rotation":{"x":-0.21758398413658143,"y":0.11157192289829254,"z":-0.025042157620191575,"w":-0.969326376914978},"size":6.22263240814209,"orthographic":false}