{"cameraMode":{"drawMode":0,"name":"Shaded","section":"Shading Mode"},"sceneLighting":true,"audioPlay":false,"sceneViewState":{"showFog":true,"showMaterialUpdate":false,"showSkybox":true,"showFlares":true,"showImageEffects":true,"showParticleSystems":true,"showVisualEffectGraphs":true,"m_FxEnabled":true},"in2DMode":false,"pivot":{"x":-3.3288660049438478,"y":4.025054454803467,"z":-3.249690055847168},"rotation":{"x":0.007524080574512482,"y":0.9886961579322815,"z":0.053135473281145099,"w":-0.14003391563892365},"size":8.483317375183106,"orthographic":false}