{"cameraMode":{"drawMode":0,"name":"Shaded","section":"Shading Mode"},"sceneLighting":true,"audioPlay":false,"sceneViewState":{"showFog":true,"showMaterialUpdate":false,"showSkybox":true,"showFlares":true,"showImageEffects":true,"showParticleSystems":true,"showVisualEffectGraphs":true,"m_FxEnabled":true},"in2DMode":false,"pivot":{"x":-6.521804332733154,"y":14.092920303344727,"z":-26.485105514526368},"rotation":{"x":-0.2943771779537201,"y":-0.006597091443836689,"z":0.002031735610216856,"w":-0.9556695222854614},"size":0.8660253882408142,"orthographic":false}